alexandria, ghcr.io/ocicl/alexandria@sha256:e433c2e076ed3bcf8641b97b00192680db2201d305efac9293539dee88c7fbf7, alexandria-20240503-8514d8e/alexandria.asd
autoload, ghcr.io/ocicl/mgl-pax-bootstrap@sha256:3139a60412c5b3f8817e251c5a774149b8b19bfee2dc279833034bddb2480866, mgl-pax-20251022-c1c1edb/autoload/autoload.asd
bordeaux-threads, ghcr.io/ocicl/bordeaux-threads@sha256:bbb32afe3987e102149cc019f4f7366a05f7a37d1503f5f86a27745e671c320a, bordeaux-threads-0.9.4/bordeaux-threads.asd
cl-change-case, ghcr.io/ocicl/cl-change-case@sha256:72df96e856cd493df958231e6cd5183764833c89bfc8e5bcb585bc52313b488e, cl-change-case-cl-change-case-0.1.0/cl-change-case.asd
cl-change-case-test, ghcr.io/ocicl/cl-change-case@sha256:72df96e856cd493df958231e6cd5183764833c89bfc8e5bcb585bc52313b488e, cl-change-case-cl-change-case-0.1.0/cl-change-case-test.asd
cl-ppcre, ghcr.io/ocicl/cl-ppcre@sha256:bf073924cf4fd5957a4fd961a95d446ed0e53fa32a5002cbd2d52182874f45e5, cl-ppcre-20250606-a2ea581/cl-ppcre.asd
cl-ppcre-unicode, ghcr.io/ocicl/cl-ppcre@sha256:bf073924cf4fd5957a4fd961a95d446ed0e53fa32a5002cbd2d52182874f45e5, cl-ppcre-20250606-a2ea581/cl-ppcre-unicode.asd
cl-unicode, ghcr.io/ocicl/cl-unicode@sha256:d98f12c1271fb3c1812a27d64dfbe95b0bc5bcfd545b71b8101874e61270b120, cl-unicode-20240503-07e7ff5/cl-unicode.asd
closer-mop, ghcr.io/ocicl/closer-mop@sha256:e99c0448dd5a5eb1e5134ffebb0cfc7f84a4c14e45c77d7566a273f04e3e0017, closer-mop-20251028-443e42e/closer-mop.asd
documentation-utils, ghcr.io/ocicl/documentation-utils@sha256:b2a1b3f3bcd1a738af85ae2b0168d408c177661eab6d6bbebb254e394d983f54, documentation-utils-20230511-98630dd/documentation-utils.asd
dref, ghcr.io/ocicl/mgl-pax-bootstrap@sha256:3139a60412c5b3f8817e251c5a774149b8b19bfee2dc279833034bddb2480866, mgl-pax-20251022-c1c1edb/dref/dref.asd
dref-test, ghcr.io/ocicl/mgl-pax-bootstrap@sha256:3139a60412c5b3f8817e251c5a774149b8b19bfee2dc279833034bddb2480866, mgl-pax-20251022-c1c1edb/dref/dref-test.asd
dref-test-package-inferred, ghcr.io/ocicl/mgl-pax-bootstrap@sha256:3139a60412c5b3f8817e251c5a774149b8b19bfee2dc279833034bddb2480866, mgl-pax-20251022-c1c1edb/dref/test/data/dref-test-package-inferred.asd
flexi-streams, ghcr.io/ocicl/flexi-streams@sha256:95005b06a8a95c82780c75ead53810bcb273d07fcf5fe76b527f1856df9923f2, flexi-streams-20240503-4951d57/flexi-streams.asd
flexi-streams-test, ghcr.io/ocicl/flexi-streams@sha256:95005b06a8a95c82780c75ead53810bcb273d07fcf5fe76b527f1856df9923f2, flexi-streams-20240503-4951d57/flexi-streams-test.asd
for, ghcr.io/ocicl/for@sha256:c19ae065bb740871cf0bdef6287887632afade19f4ece1d032323e3fac73ec01, for-20250813-2442b89/for.asd
form-fiddle, ghcr.io/ocicl/form-fiddle@sha256:22a1f26a6f0f01df06c42f69f96e624cdeac2e59c76e6815056a0d0ed2ae92c7, form-fiddle-20250813-706c4fa/form-fiddle.asd
fset, ghcr.io/ocicl/fset@sha256:06ed3b2b8e490fa5ddf01b23af08a5d0d5febf6633b982eab0f721f4cc3c8c15, fset-20251122-19eadf0/fset.asd
global-vars, ghcr.io/ocicl/global-vars@sha256:d197e871c9c9abc4bf31b1186f5fd28f0ca848ebe2e9dddf2d82ecee01dbdc65, global-vars-20240503-c749f32/global-vars.asd
global-vars-test, ghcr.io/ocicl/global-vars@sha256:d197e871c9c9abc4bf31b1186f5fd28f0ca848ebe2e9dddf2d82ecee01dbdc65, global-vars-20240503-c749f32/global-vars-test.asd
introspect-environment, ghcr.io/ocicl/introspect-environment@sha256:4fa482690dee130996f1d0f89b470e0e84c92f22caea7649d3b83ce3e49c78ba, introspect-environment-20240503-69a50ac/introspect-environment.asd
introspect-environment-test, ghcr.io/ocicl/introspect-environment@sha256:4fa482690dee130996f1d0f89b470e0e84c92f22caea7649d3b83ce3e49c78ba, introspect-environment-20240503-69a50ac/introspect-environment-test.asd
iterate, ghcr.io/ocicl/iterate@sha256:6950c55e3782d58cabbbb5753111a70d8cafab8348b7fd6f2143d9abeaab46fb, iterate-20250703-d27d7ff/iterate.asd
lambda-fiddle, ghcr.io/ocicl/lambda-fiddle@sha256:88ecef67401fc5784cacf60e521c9d9592cb22b2a2467864323c2e07e46c96ff, lambda-fiddle-20250813-807ae48/lambda-fiddle.asd
lisp-namespace, ghcr.io/ocicl/lisp-namespace@sha256:ae08006e0b267958c50160658c729c799c6e1c18d94eef83f2ce5cf6ab8bbd20, lisp-namespace-20240503-699fccb/lisp-namespace.asd
lisp-namespace.test, ghcr.io/ocicl/lisp-namespace@sha256:ae08006e0b267958c50160658c729c799c6e1c18d94eef83f2ce5cf6ab8bbd20, lisp-namespace-20240503-699fccb/lisp-namespace.test.asd
mgl-pax, ghcr.io/ocicl/mgl-pax-bootstrap@sha256:3139a60412c5b3f8817e251c5a774149b8b19bfee2dc279833034bddb2480866, mgl-pax-20251022-c1c1edb/mgl-pax.asd
mgl-pax-bootstrap, ghcr.io/ocicl/mgl-pax-bootstrap@sha256:3139a60412c5b3f8817e251c5a774149b8b19bfee2dc279833034bddb2480866, mgl-pax-20251022-c1c1edb/mgl-pax-bootstrap.asd
mgl-pax-test, ghcr.io/ocicl/mgl-pax-bootstrap@sha256:3139a60412c5b3f8817e251c5a774149b8b19bfee2dc279833034bddb2480866, mgl-pax-20251022-c1c1edb/mgl-pax-test.asd
mgl-pax.asdf, ghcr.io/ocicl/mgl-pax-bootstrap@sha256:3139a60412c5b3f8817e251c5a774149b8b19bfee2dc279833034bddb2480866, mgl-pax-20251022-c1c1edb/mgl-pax.asdf.asd
misc-extensions, ghcr.io/ocicl/misc-extensions@sha256:d88a860c856255204eee3d29da8f5662f717d0667a9ee4f3615224036a9654dc, misc-extensions-20251122-438b905/misc-extensions.asd
mt19937, ghcr.io/ocicl/mt19937@sha256:49c0a25a535cd22212343c67e17635b8e05675ad9cc20aa75ce75e35e842bbe3, MT19937-20240503-78f0419/mt19937.asd
multilang-documentation-utils, ghcr.io/ocicl/documentation-utils@sha256:b2a1b3f3bcd1a738af85ae2b0168d408c177661eab6d6bbebb254e394d983f54, documentation-utils-20230511-98630dd/multilang-documentation-utils.asd
named-readtables, ghcr.io/ocicl/named-readtables@sha256:8cbaf453e6d88722dc196af01d1d56807ef2bca541cd99f6861c8dc338ff2ed6, named-readtables-20251109-8bd0045/named-readtables.asd
named-readtables-test, ghcr.io/ocicl/named-readtables@sha256:8cbaf453e6d88722dc196af01d1d56807ef2bca541cd99f6861c8dc338ff2ed6, named-readtables-20251109-8bd0045/named-readtables-test.asd
parachute, ghcr.io/ocicl/parachute@sha256:79fe8671ddbf4851ba52bf3739b658e0d7f192d052cafae5d70e8f574ff7ba3f, parachute-20250813-9a6679e/parachute.asd
parachute-fiveam, ghcr.io/ocicl/parachute@sha256:79fe8671ddbf4851ba52bf3739b658e0d7f192d052cafae5d70e8f574ff7ba3f, parachute-20250813-9a6679e/compat/parachute-fiveam.asd
parachute-lisp-unit, ghcr.io/ocicl/parachute@sha256:79fe8671ddbf4851ba52bf3739b658e0d7f192d052cafae5d70e8f574ff7ba3f, parachute-20250813-9a6679e/compat/parachute-lisp-unit.asd
parachute-prove, ghcr.io/ocicl/parachute@sha256:79fe8671ddbf4851ba52bf3739b658e0d7f192d052cafae5d70e8f574ff7ba3f, parachute-20250813-9a6679e/compat/parachute-prove.asd
parse-declarations-1.0, ghcr.io/ocicl/parse-declarations-1.0@sha256:9305fa9624205b16fd1fc51cb1cc4282a18e50eee9ac75b66a14f6f2c5df9518, parse-declarations-20240503-549aebb/parse-declarations-1.0.asd
parse-number, ghcr.io/ocicl/parse-number@sha256:11f3f9f512871e1f96cea6b8260aa3610e34e8fd7272bbcdb210fd3c5dd8025c, parse-number-20240503-cb9e487/parse-number.asd
serapeum, ghcr.io/ocicl/serapeum@sha256:ddb819081fd222c9e5fc4d88e9393baea4701a411318dcba07aab015ce3126d7, serapeum-20251125-af64cd7/serapeum.asd
split-sequence, ghcr.io/ocicl/split-sequence@sha256:3a37662eedd99c42995587b9d443c4631f25c4c523091bcca31a27b880585b8e, split-sequence-2.0.1/split-sequence.asd
str, ghcr.io/ocicl/str@sha256:685078f7554071268bca9e933392904940d6751077718a4aafaf3d0424003f26, cl-str-20250905-69ef8b4/str.asd
str.test, ghcr.io/ocicl/str@sha256:685078f7554071268bca9e933392904940d6751077718a4aafaf3d0424003f26, cl-str-20250905-69ef8b4/str.test.asd
string-case, ghcr.io/ocicl/string-case@sha256:9db2d4160b76ce1ed9f754d12f679c665593a9a436177d36380a1a8a176ec16a, string-case-20240503-718c761/string-case.asd
transducers, ghcr.io/ocicl/transducers@sha256:02f40e643815e27ef58b0d5a1b9f480328574ad13ebfe1cfa41f00e758337ff2, cl-transducers-20250821-8176dd8/transducers.asd
trivia, ghcr.io/ocicl/trivia@sha256:51db74757bc31ceaf3a643914a8ffa87825799097dea4912650e6ac62bed5209, trivia-20240904-4383dd8/trivia.asd
trivia.balland2006, ghcr.io/ocicl/trivia@sha256:51db74757bc31ceaf3a643914a8ffa87825799097dea4912650e6ac62bed5209, trivia-20240904-4383dd8/trivia.balland2006.asd
trivia.benchmark, ghcr.io/ocicl/trivia@sha256:51db74757bc31ceaf3a643914a8ffa87825799097dea4912650e6ac62bed5209, trivia-20240904-4383dd8/trivia.benchmark.asd
trivia.cffi, ghcr.io/ocicl/trivia@sha256:51db74757bc31ceaf3a643914a8ffa87825799097dea4912650e6ac62bed5209, trivia-20240904-4383dd8/trivia.cffi.asd
trivia.fset, ghcr.io/ocicl/trivia@sha256:51db74757bc31ceaf3a643914a8ffa87825799097dea4912650e6ac62bed5209, trivia-20240904-4383dd8/trivia.fset.asd
trivia.level0, ghcr.io/ocicl/trivia@sha256:51db74757bc31ceaf3a643914a8ffa87825799097dea4912650e6ac62bed5209, trivia-20240904-4383dd8/trivia.level0.asd
trivia.level1, ghcr.io/ocicl/trivia@sha256:51db74757bc31ceaf3a643914a8ffa87825799097dea4912650e6ac62bed5209, trivia-20240904-4383dd8/trivia.level1.asd
trivia.level2, ghcr.io/ocicl/trivia@sha256:51db74757bc31ceaf3a643914a8ffa87825799097dea4912650e6ac62bed5209, trivia-20240904-4383dd8/trivia.level2.asd
trivia.ppcre, ghcr.io/ocicl/trivia@sha256:51db74757bc31ceaf3a643914a8ffa87825799097dea4912650e6ac62bed5209, trivia-20240904-4383dd8/trivia.ppcre.asd
trivia.quasiquote, ghcr.io/ocicl/trivia@sha256:51db74757bc31ceaf3a643914a8ffa87825799097dea4912650e6ac62bed5209, trivia-20240904-4383dd8/trivia.quasiquote.asd
trivia.test, ghcr.io/ocicl/trivia@sha256:51db74757bc31ceaf3a643914a8ffa87825799097dea4912650e6ac62bed5209, trivia-20240904-4383dd8/trivia.test.asd
trivia.trivial, ghcr.io/ocicl/trivia@sha256:51db74757bc31ceaf3a643914a8ffa87825799097dea4912650e6ac62bed5209, trivia-20240904-4383dd8/trivia.trivial.asd
trivial-cltl2, ghcr.io/ocicl/trivial-cltl2@sha256:69470b4f6469314799074b9d944050dc4bcb67d5cbb2ba32c7a8899bb492f04e, trivial-cltl2-20230809-2ada872/trivial-cltl2.asd
trivial-custom-debugger, ghcr.io/ocicl/trivial-custom-debugger@sha256:b72a9d829d2635982c5d07604c24b22158cb550cd6b2915df2280ae59922be11, trivial-custom-debugger-20240503-802473c/trivial-custom-debugger.asd
trivial-features, ghcr.io/ocicl/trivial-features@sha256:e278e24d39060fc7d3715531b16ddd9ab7f93f22ade53e436c0b86dbae3aa065, trivial-features-1.0/trivial-features.asd
trivial-features-tests, ghcr.io/ocicl/trivial-features@sha256:e278e24d39060fc7d3715531b16ddd9ab7f93f22ade53e436c0b86dbae3aa065, trivial-features-1.0/trivial-features-tests.asd
trivial-file-size, ghcr.io/ocicl/trivial-file-size@sha256:dfe138877e024d36e51fa14b1bcabf11e99e5745baa42ef4f627438485030f5c, trivial-file-size-20250427-60fd1bf/trivial-file-size.asd
trivial-garbage, ghcr.io/ocicl/trivial-garbage@sha256:a85dcf4110ad60ae9f6c70970acceb2bf12402ce5326891643d35506059afb1d, trivial-garbage-20240503-3474f64/trivial-garbage.asd
trivial-gray-streams, ghcr.io/ocicl/trivial-gray-streams@sha256:d0cc9fb73876100ee60647524f98b5b22566fa1c3a985d79548b0d2b228f8b51, trivial-gray-streams-20240503-a7ead68/trivial-gray-streams.asd
trivial-gray-streams-test, ghcr.io/ocicl/trivial-gray-streams@sha256:d0cc9fb73876100ee60647524f98b5b22566fa1c3a985d79548b0d2b228f8b51, trivial-gray-streams-20240503-a7ead68/trivial-gray-streams-test.asd
trivial-indent, ghcr.io/ocicl/trivial-indent@sha256:2969bd1dc3cefd22fd1b0c5aeec664d4217a2593fe03bb043d8b6958aabc8b2a, trivial-indent-20250813-87b35ff/trivial-indent.asd
trivial-macroexpand-all, ghcr.io/ocicl/trivial-macroexpand-all@sha256:b23da4c2e508efe2396ec8f721cb22b8a4c076b2f0aea014a09f69dfd716d7f8, trivial-macroexpand-all-20250518-b6e4efa/trivial-macroexpand-all.asd
type-i, ghcr.io/ocicl/type-i@sha256:de5c3e7f7b72409c5ec49885eea8c6fe2e02def2846cf97f70c1c21f21a1567c, type-i-20240503-4407a68/type-i.asd
type-i.test, ghcr.io/ocicl/type-i@sha256:de5c3e7f7b72409c5ec49885eea8c6fe2e02def2846cf97f70c1c21f21a1567c, type-i-20240503-4407a68/type-i.test.asd
